,N,PE_rate,AUC,accuracy,sensitivity,false_neg_rate
White,73.0,0.1232876712328767,0.4913194444444444,0.7671232876712328,0.1111111111111111,0.8888888888888888
Hispanic,32.0,0.125,0.4196428571428571,0.8125,0.0,1.0
Asian,22.0,0.13636363636363635,0.4736842105263158,0.6818181818181818,0.0,1.0
Black,23.0,0.08695652173913043,0.33333333333333337,0.8695652173913043,0.0,1.0
